noise,true_mape,max,mean,percentile_5,percentile_95
1e-10,6.268697830678683,6.26869783069026,6.2686978306783425,6.268697830672394,6.268697830684569
1e-07,6.268697830678683,6.268697842266308,6.268697830349769,6.268697824397653,6.268697836578839
0.0001,6.268697830678683,6.268709406847753,6.268697499782759,6.268691546099926,6.2687037281594025
0.01,6.268697830678683,6.271143113623655,6.268821263773687,6.268298562812767,6.2697237729792255
0.1,6.268697830678683,6.580718861697969,6.287031263264842,6.268164803581332,6.344228788955126
1,6.268697830678683,16.312599849621595,9.867938072829293,6.340152034090697,15.260252245375524
5,6.268697830678683,21.497025317579347,14.003812697873913,8.34889991431749,19.06124746008281
