noise,true_mape,max,mean,percentile_5,percentile_95
1e-13,9.287890101417677,11.983071362082038,10.629612865497315,9.376498125747439,11.555955657588525
1e-07,9.287890101417677,48.63701337755798,34.857163931955974,20.68127290623766,47.32087568876356
0.0001,9.287890101417677,67.01246813997719,43.99629534315703,35.275041146055706,54.93387061189345
0.01,9.287890101417677,93.14275040324227,67.46147428198135,49.87837720306616,88.3437972469991
0.1,9.287890101417677,102.67582891577764,67.83805098502492,55.743321329700834,97.80828154296998
1,9.287890101417677,111.08910343087506,69.77248092681432,52.08628645126272,101.83022506926119
5,9.287890101417677,116.79831835718615,76.34500577475839,57.12585110812219,112.96935025020126
