noise,true_mape,max,mean,percentile_5,percentile_95
1e-13,58.06052226994842,58.06052227011011,58.060522269827615,58.060522269643116,58.060522269945054
1e-07,58.06052226994842,58.061077933155644,58.06054155141574,58.06040753329107,58.06077064287721
0.0001,58.06052226994842,62.95148213547452,58.22060653042799,57.90230902864456,58.96777897854104
0.01,58.06052226994842,86.83415866539099,66.22299045547165,57.82307354519809,76.20533358988486
0.1,58.06052226994842,93.7474901995242,76.78139836059516,58.122450216065104,88.33135993235632
1,58.06052226994842,97.31537851678979,80.67887228578492,64.17429793574556,92.67624364177529
5,58.06052226994842,100.13904131804334,84.24969836783963,69.31855238111078,93.73122972097003
