noise,true_mape,max,mean,percentile_5,percentile_95
1e-13,16.398856828351636,19.220833973344927,15.761277518145464,12.84318258487318,18.126135015513782
1e-07,16.398856828351636,49.18652695055246,31.809369247348943,26.48134017362367,39.83875260211248
0.0001,16.398856828351636,65.62551861479461,48.10618774709948,36.53658062222294,62.60747593033886
0.01,16.398856828351636,70.05123191738564,49.288421820047674,42.011959901310796,60.91997473289716
0.1,16.398856828351636,77.42693059940147,56.685524696595884,47.27551912363343,68.29272206319554
1,16.398856828351636,85.96683030690782,60.89261827911495,49.9772930128932,75.69677911944308
5,16.398856828351636,83.11611350336653,59.38389475218953,53.70100496777977,68.10733169465598
