noise,true_mape,max,mean,percentile_5,percentile_95
1e-13,30.089779501684756,30.089779501712638,30.089779501675437,30.089779501658573,30.089779501691748
1e-07,30.089779501684756,30.08978046359686,30.08977949856528,30.0897788562742,30.089780107530412
0.0001,30.089779501684756,30.09076655572509,30.08978038195598,30.089146092413557,30.090394737049742
0.01,30.089779501684756,30.525411235190163,30.226262370693952,30.088968449409975,30.416806773800857
0.1,30.089779501684756,30.79141124514725,30.558509527294248,30.311891850834026,30.749258653837806
1,30.089779501684756,31.57707971648169,30.820119818612845,30.576165859269896,31.168227044652465
5,30.089779501684756,43.528752892658204,32.1692696343333,30.697439363768858,35.956990652154104
