noise,true_mape,max,mean,percentile_5,percentile_95
1e-13,9.696701894900093,9.696702996965632,9.696701828326207,9.696701556358882,9.696702021975476
1e-07,9.696701894900093,11.162888052854203,10.024706891242623,9.699132900741425,11.003383951189232
0.0001,9.696701894900093,45.824639052078766,28.631398697418806,12.231931407644533,45.545919785062
0.01,9.696701894900093,61.668786041937054,44.203644390538855,18.267717081453124,55.340464536651524
0.1,9.696701894900093,64.60960475220625,48.732162516401026,43.886037647616504,62.556520765539275
1,9.696701894900093,79.20174137483977,45.130822726969356,30.914402357400213,51.698954705980086
5,9.696701894900093,122.5396891822152,52.614885912204045,22.795554032096845,100.33628757133506
