noise,true_mape,max,mean,percentile_5,percentile_95
1e-13,48.082159403888184,48.082159425735746,48.08215940808034,48.082159400167754,48.08215941618682
1e-07,48.082159403888184,48.08791651563827,48.08238314863389,48.080154511144045,48.08533558799401
0.0001,48.082159403888184,50.723923952595094,49.57470798058538,48.230991194677586,50.353477831545504
0.01,48.082159403888184,65.42548010742405,51.99608717687312,49.37357407110682,62.72560575774833
0.1,48.082159403888184,76.88895972769421,63.56578402004074,50.77464934683043,74.56437280829289
1,48.082159403888184,91.35655622305538,71.21382709079722,63.530319789602764,74.86550696431057
5,48.082159403888184,112.77524258834796,78.63845136763767,68.57979000680673,97.88785999947724
