noise,true_mape,max,mean,percentile_5,percentile_95
1e-13,22.26702895179321,22.267028951807095,22.267028951795286,22.26702895178534,22.26702895180452
1e-07,22.26702895179321,22.26703179668712,22.26702893579168,22.267027321193098,22.26703044741007
0.0001,22.26702895179321,22.26967928637568,22.26699003369438,22.265333862320052,22.268470741689455
0.01,22.26702895179321,25.349443429805156,22.54534626187465,22.261481585597164,23.310051347747926
0.1,22.26702895179321,54.62052855228331,32.8415267062373,22.48873957447304,51.50878911355093
1,22.26702895179321,73.77160014941437,45.098648518177576,26.473587324939825,68.94850971483066
5,22.26702895179321,93.76457896423935,55.75848687321537,28.96833122275826,90.22804205065499
