noise,true_mape,max,mean,J_cost,percentile_5,percentile_95
1e-05,0.006628660128045118,0.008232017144004145,0.006906009621869585,0.6757182974302424,0.006631007908402544,0.007512857286062952
0.0001,0.006628660128045118,0.027133150496147625,0.010956268203073952,0.6757182974302424,0.0068047230587674635,0.018774124594012915
0.001,0.006628660128045118,0.21814991145148455,0.057130428658976475,0.6757182974302424,0.010655527757463397,0.14270848934125693
0.01,0.006628660128045118,2.2720085010178694,0.5337619274531729,0.6757182974302424,0.06021434594933455,1.3227300519982825
0.1,0.006628660128045118,6.3335704190468425,3.4238802856314563,0.6757182974302424,0.5974676469153296,5.838845969349803
1,0.006628660128045118,14.495332899133059,7.474068446467788,0.6757182974302424,4.812764058191202,11.262152488483606
