noise,true_mape,max,mean,J_cost,percentile_5,percentile_95
1e-05,4.1000088313432785,4.100009823211952,4.100008852962291,111041.90717277303,4.100008081605604,4.1000094740639215
0.0001,4.1000088313432785,4.100018749257637,4.100009047402896,111041.90717277303,4.1000013335737115,4.100015258239895
0.001,4.1000088313432785,4.10012063427276,4.1000123517128415,111041.90717277303,4.099933814404398,4.100080063221152
0.01,4.1000088313432785,4.101300104665119,4.100074027003966,111041.90717277303,4.099361882314106,4.10077300725884
0.1,4.1000088313432785,4.132562752010808,4.104038519800391,111041.90717277303,4.09887101880392,4.119528185838345
1,4.1000088313432785,12.362446350548248,4.752538846290945,111041.90717277303,4.098706270390097,6.789880442555138
