noise,true_mape,max,mean,percentile_5,percentile_95
1e-13,33.90635135162999,33.90635135167252,33.90635135163256,33.90635135159772,33.906351351653925
1e-07,33.90635135162999,33.90635289145757,33.90635133326275,33.906350520549985,33.90635214090313
0.0001,33.90635135162999,33.9079280073473,33.9063339455604,33.90551896741145,33.90714439591866
0.01,33.90635135162999,34.623495714513055,33.961733146653785,33.894347052711744,34.15424141856832
0.1,33.90635135162999,36.80608870398833,34.757456700992186,33.91409252474229,35.89817994568968
1,33.90635135162999,70.13584079139798,44.6381000538282,34.715022673263455,64.74482427617261
5,33.90635135162999,72.63348745440067,63.465198359228204,42.877337031744155,71.14981626604406
