noise,true_mape,max,mean,J_cost,percentile_5,percentile_95
1e-05,0.0030374232377633793,0.003037614368872298,0.0030374265182751365,0.17916591590247333,0.0030372723478441187,0.003037554014740031
0.0001,0.0030374232377633793,0.0030396414630445108,0.0030375581457791744,0.17916591590247333,0.0030360990645101394,0.003038833909145433
0.001,0.0030374232377633793,0.003090182926294127,0.003048885166545794,0.17916591590247333,0.003032386734690295,0.00307028703203746
0.01,0.0030374232377633793,0.004101051560904236,0.0033855802473442753,0.17916591590247333,0.0031356997550439384,0.0038402887801406715
0.1,0.0030374232377633793,0.016419207935166987,0.008020091821097553,0.17916591590247333,0.005268100192931403,0.013522273962164766
1,0.0030374232377633793,0.14385681783108278,0.06091224942728293,0.17916591590247333,0.03201325130355124,0.11883112361679608
