noise,true_mape,max,mean,J_cost,percentile_5,percentile_95
1e-05,1.4075155420872374,1.4075159386600162,1.4075155355892657,15016.151950945985,1.407515302288244,1.4075157904150075
0.0001,1.4075155420872374,1.4075195078199976,1.4075154771085,15016.151950945985,1.4075131441001094,1.407518025366783
0.001,1.4075155420872374,1.407555199919735,1.4075148923934757,15016.151950945985,1.407491562478927,1.4075403750687177
0.01,1.4075155420872374,1.4079124637776896,1.4075091730740221,15016.151950945985,1.4072762624155777,1.4077640500333481
0.1,1.4075155420872374,1.4116887901322015,1.4075069452404678,15016.151950945985,1.4052925379962662,1.4100612895615134
1,1.4075155420872374,1.4691259103560097,1.4119049280697087,15016.151950945985,1.3944289985927956,1.4399921917738199
