noise,true_mape,max,mean,percentile_5,percentile_95
1e-10,3.0945991325946166e-05,3.094599233555948e-05,3.0945991316106394e-05,3.094599076589856e-05,3.094599190824094e-05
1e-07,3.0945991325946166e-05,3.0946996811579376e-05,3.094597941128784e-05,3.0945428902311375e-05,3.0946572778880286e-05
0.0001,3.0945991325946166e-05,3.6536993769434165e-05,3.1623630177410375e-05,3.0814631062105695e-05,3.3601302962020196e-05
0.01,3.0945991325946166e-05,0.001268116581931443,0.0003933030961249222,0.00015274145684614898,0.0008749310376817636
0.1,3.0945991325946166e-05,0.012644784069273825,0.0038659602753278077,0.0014642601819016574,0.008708830384536464
1,3.0945991325946166e-05,0.12680735325731315,0.038631449467744446,0.01464859650374081,0.0868678557149877
5,3.0945991325946166e-05,0.6425293844881058,0.1931257356065473,0.07347329141223138,0.4300099849840276
