noise,true_mape,max,mean,J_cost,percentile_5,percentile_95
1e-05,5.247416363514975,5.247420623225368,5.247416287873063,176372.0012619468,5.247414106997577,5.247419109433996
0.0001,5.247416363514975,5.247458958288387,5.247415606835281,176372.0012619468,5.247393797657294,5.2474438217300525
0.001,5.247416363514975,5.247843872973272,5.247408809748262,176372.0012619468,5.247190636572517,5.247690848130647
0.01,5.247416363514975,5.251812769873805,5.24736024957319,176372.0012619468,5.245221686825733,5.2502406820356775
0.1,5.247416363514975,5.299797307438382,5.24904445226894,176372.0012619468,5.234580181205659,5.2790284006189205
1,5.247416363514975,7.738367496887179,5.489439813067691,176372.0012619468,5.235637197165384,6.170130757099571
