noise,true_mape,max,mean,percentile_5,percentile_95
1e-10,8.878737529058858,8.878737529065098,8.878737529058759,8.87873752905492,8.878737529062441
1e-07,8.878737529058858,8.878737535290448,8.878737528953046,8.87873752512687,8.878737532640436
0.0001,8.878737529058858,8.87874376047844,8.87873742345082,8.878733596741064,8.878741111066935
0.01,8.878737529058858,8.879569065374438,8.878776544195967,8.878434328714047,8.879191587147705
0.1,8.878737529058858,8.90465634814003,8.882478379913373,8.878487112812198,8.889449394446858
1,8.878737529058858,14.745491698032613,9.243111729185186,8.91962655872473,9.878337737974745
5,8.878737529058858,17.303872646000176,12.427373768422065,9.592028473153713,16.382687924503212
