noise,true_mape,max,mean,J_cost,percentile_5,percentile_95
1e-05,3.2918988867452286,3.2918989380414447,3.29189888903217,70167.46838372148,3.291898858439568,3.291898920067466
0.0001,3.2918988867452286,3.291899399702214,3.291898909612716,70167.46838372148,3.291898603687959,3.2918992199587906
0.001,3.2918988867452286,3.2919040157947923,3.2918991432775426,70167.46838372148,3.291896056103269,3.2919024960159904
0.01,3.2918988867452286,3.2919501252165766,3.2919031999058648,70167.46838372148,3.291872492794669,3.291935201127223
0.1,3.2918988867452286,3.2943611431246143,3.292139200296924,70167.46838372148,3.291641108530987,3.2929911504743457
1,3.2918988867452286,3.3746063770306263,3.306260649105976,70167.46838372148,3.291076816702994,3.3521899576185454
