noise,true_mape,max,mean,percentile_5,percentile_95
1e-10,9.377099972457705,9.377099972459042,9.377099972457705,9.377099972456897,9.377099972458463
1e-07,9.377099972457705,9.377099973788892,9.377099972459275,9.37709997165312,9.377099973220876
0.0001,9.377099972457705,9.377101303640982,9.377099974025134,9.377099167868254,9.377100735630483
0.01,9.377099972457705,9.377233053221762,9.377100400405249,9.377020028744134,9.377176287434315
0.1,9.377099972457705,9.378608968120176,9.377153330233623,9.376359737805135,9.377907082973453
1,9.377099972457705,9.406881130448506,9.381474593119163,9.37317048965574,9.392653448114947
5,9.377099972457705,10.18598357959664,9.487785545390208,9.390176287473734,9.660412032183373
