noise,true_mape,max,mean,J_cost,percentile_5,percentile_95
1e-05,0.0015091885731141716,0.0015092787422200829,0.001509198174725041,0.046379681813388494,0.0015091427485158383,0.0015092620269038745
0.0001,0.0015091885731141716,0.0015126539048711447,0.0015097335439264422,0.046379681813388494,0.0015088922333913722,0.0015111064864064185
0.001,0.0015091885731141716,0.0015848106802009113,0.0015313739246855915,0.046379681813388494,0.00151108814931903,0.001564077156267221
0.01,0.0015091885731141716,0.002616695484984858,0.0018921517114217474,0.046379681813388494,0.0016289370393535963,0.0023690425854322244
0.1,0.0015091885731141716,0.013671087483758148,0.006314459045679415,0.046379681813388494,0.003534858708356513,0.011456810440443754
1,0.0015091885731141716,0.12912995402946875,0.054884427597249985,0.046379681813388494,0.026896209563742182,0.10679543428870264
