noise,true_mape,max,mean,percentile_5,percentile_95
1e-13,9.789197498589113,9.789263371769126,9.789200038853563,9.789154325060089,9.7892413211174
1e-07,9.789197498589113,22.87712309572084,17.468478368361268,12.483958277787645,20.80256636960858
0.0001,9.789197498589113,43.65054199246742,34.722914871268266,24.63340440692469,43.248356768459445
0.01,9.789197498589113,63.53447532043599,47.40756625883069,34.83175116709533,59.94326166210285
0.1,9.789197498589113,70.63611243307875,55.26740172940565,39.240593156620676,67.82692566618017
1,9.789197498589113,93.53997211399708,59.498228618020136,44.66007605173068,78.37462356705197
5,9.789197498589113,104.59940884666543,66.6282179549664,49.53856709914021,101.8402116133179
