noise,true_mape,max,mean,J_cost,percentile_5,percentile_95
1e-05,0.005719774619599594,0.005719951419856366,0.005719789333239073,0.511422154301608,0.005719694279816528,0.005719908059623656
0.0001,0.005719774619599594,0.005723389272643041,0.005720646573200392,0.511422154301608,0.005719527366548019,0.005722662381517729
0.001,0.005719774619599594,0.005845070816961863,0.005749626932737268,0.511422154301608,0.005725278937467911,0.005800260705880034
0.01,0.005719774619599594,0.007638378062706218,0.006309233137451563,0.511422154301608,0.00587656057785747,0.007186829272601233
0.1,0.005719774619599594,0.02869734674380717,0.013652710093858308,0.511422154301608,0.008168068312019331,0.02484696159744366
1,0.005719774619599594,0.23934508244722172,0.09848745344965576,0.511422154301608,0.04073445799796202,0.2177368148009124
