noise,true_mape,max,mean,percentile_5,percentile_95
1e-13,15.638901771442674,15.638901771480135,15.638901771415176,15.638901771359922,15.638901771460572
1e-07,15.638901771442674,15.638902477787822,15.638901762301305,15.638901277570836,15.63890222281885
0.0001,15.638901771442674,15.639694213116172,15.638917465413916,15.638565709840018,15.639389529158205
0.01,15.638901771442674,16.736589496554952,15.905308792479142,15.643813833435928,16.45788862961507
0.1,15.638901771442674,26.086946659889026,17.594390269908057,15.906595439257801,20.61449664387449
1,15.638901771442674,38.12262509838958,25.738415517999798,17.449784725695896,37.06054793485772
5,15.638901771442674,48.27711773581837,30.979585958285963,20.26414669966985,43.44528027689194
