noise,true_mape,max,mean,percentile_5,percentile_95
1e-13,33.37422166501532,33.37422166512479,33.37422166496321,33.37422166484685,33.37422166508369
1e-07,33.37422166501532,33.37423265071256,33.37422161654185,33.37421361459073,33.37422805440182
0.0001,33.37422166501532,33.435668882477934,33.29865368785624,33.04290766065205,33.40155636140824
0.01,33.37422166501532,37.05744748003152,34.84711648901779,33.516594822614884,36.147513428452406
0.1,33.37422166501532,39.967073485567845,36.8987609915154,34.65916017803751,38.67863959565248
1,33.37422166501532,43.09057408478104,38.81641621708476,35.86082547500891,41.25524188972939
5,33.37422166501532,61.5743927638306,41.039074522141675,36.96034090663832,49.84642616287291
