noise,true_mape,max,mean,J_cost,percentile_5,percentile_95
1e-05,0.011938850905162859,15.975385393639277,9.901928736200102,1.6437133991912132,7.281712817885901,13.996700634063751
0.0001,0.011938850905162859,17.07565445381507,12.18796872368933,1.6437133991912132,7.598696522483703,15.668517330498256
0.001,0.011938850905162859,20.444381837464036,14.909689688041647,1.6437133991912132,10.71792305498657,19.385932965084667
0.01,0.011938850905162859,23.78577245774897,19.952866355339822,1.6437133991912132,14.827291167192234,23.619028164684313
0.1,0.011938850905162859,24.574205173245446,20.004520660526595,1.6437133991912132,15.292365111964155,24.168762623292732
1,0.011938850905162859,31.55374989115223,21.40027616622397,1.6437133991912132,16.09310324926284,27.50082012139395
