noise,true_mape,max,mean,percentile_5,percentile_95
1e-13,15.77980357452618,15.779803625687656,15.779803579062984,15.77980354500016,15.779803608655918
1e-07,15.77980357452618,15.786853518659111,15.78020413109061,15.77890080189747,15.782834738455392
0.0001,15.77980357452618,25.203358248460216,18.983579929939207,16.390620476569694,20.995816355061393
0.01,15.77980357452618,43.1504800987619,30.583244221445515,22.5348842336452,41.92533049259416
0.1,15.77980357452618,53.185061860508945,41.05821745059289,25.65924351664883,48.78211729347068
1,15.77980357452618,69.43018178263561,54.82953973189328,41.67094796024828,65.6561360638921
5,15.77980357452618,79.12954447212067,67.12796019126306,49.531749785136846,76.91154232364417
