noise,true_mape,max,mean,percentile_5,percentile_95
1e-13,47.43532389866779,47.435323901382375,47.43532389918204,47.43532389823354,47.43532390015653
1e-07,47.43532389866779,47.436113911464524,47.435335784124746,47.43495179077979,47.43577672014423
0.0001,47.43532389866779,49.72568147069453,47.96523378228361,47.450680503864426,48.5191906380118
0.01,47.43532389866779,66.39810330760125,50.18874071283534,48.172475349846074,51.57245431344901
0.1,47.43532389866779,79.13107872689937,61.963145294860794,50.528805369335004,74.58340785788663
1,47.43532389866779,100.33597549811573,70.61161225464694,58.49024990621094,74.36898075666267
5,47.43532389866779,115.13182645974072,79.21306379944575,69.02570212159193,111.99350414075174
