noise,true_mape,max,mean,percentile_5,percentile_95
1e-13,31.772781914055614,31.77278193507686,31.772781903820462,31.772781888026987,31.772781920344435
1e-07,31.772781914055614,31.77368685215962,31.77278407148875,31.772275684126605,31.773307584039337
0.0001,31.772781914055614,32.13025642355736,31.816136385552383,31.73121220014406,31.898799013477213
0.01,31.772781914055614,52.949701428776095,39.910768537487975,32.77872057056987,52.67183682650473
0.1,31.772781914055614,55.43183094709268,39.365524464799805,33.414076533705156,50.80511549449029
1,31.772781914055614,56.90243341931279,39.907975928568575,34.565036803861894,50.50831212203188
5,31.772781914055614,59.20927279936511,41.75257812440485,37.78404545240337,47.57051159285445
