noise,true_mape,max,mean,percentile_5,percentile_95
1e-13,7.800420416906187,7.8920130671914235,7.834789371771305,7.7881527130625425,7.878313464648686
1e-07,7.800420416906187,17.883258030164477,15.072113003821801,12.199979982510515,17.66455214092067
0.0001,7.800420416906187,32.92481970439755,21.28128732270534,17.1207865922484,28.66479211089219
0.01,7.800420416906187,42.75362814113892,29.35909282849823,22.912303985749208,34.6653492355762
0.1,7.800420416906187,44.37056541622056,35.032082150662994,28.53416516244545,41.128819816368555
1,7.800420416906187,64.32991461396864,43.788231589584875,31.5478258374858,61.5276884631413
5,7.800420416906187,73.20515055763049,47.07132351091316,35.96297333869982,61.44913470279046
