noise,true_mape,max,mean,percentile_5,percentile_95
1e-13,20.38635554072064,20.386355540827946,20.386355540745978,20.386355540712195,20.386355540786255
1e-07,20.38635554072064,20.38639145908796,20.3863555694858,20.386337800352848,20.38637349966122
0.0001,20.38635554072064,20.443023391868998,20.38789657060245,20.37289454374626,20.407848717819764
0.01,20.38635554072064,42.54729258218667,24.550683409640573,20.483091413482374,31.653679095025794
0.1,20.38635554072064,64.68045796114194,40.57483151366818,23.04936327696051,57.92269245100225
1,20.38635554072064,77.59157373482365,64.14145131790784,44.59588066041833,76.30484908198457
5,20.38635554072064,108.13472183338068,80.29911394633952,65.53251517129145,104.22259621530056
