noise,true_mape,max,mean,J_cost,percentile_5,percentile_95
1e-05,6.271667877590444,6.272821400124817,6.271657384330752,241244.441828526,6.27109860416214,6.272301763926787
0.0001,6.271667877590444,6.285800276750471,6.271902275837068,241244.441828526,6.2667842463481875,6.278974235139729
0.001,6.271667877590444,6.782390709295963,6.311954873532905,241244.441828526,6.264493701618581,6.437123579656165
0.01,6.271667877590444,14.509721737818952,9.486914004444575,241244.441828526,6.298798944756339,14.331531726546325
0.1,6.271667877590444,15.201247048934011,11.569168245591529,241244.441828526,6.873001648906462,15.078145487391636
1,6.271667877590444,15.553991852066442,12.867379138110753,241244.441828526,8.791947419611247,15.545659911423842
