noise,true_mape,max,mean,percentile_5,percentile_95
1e-10,0.00035676604747848144,0.00035676604758431686,0.00035676604747912773,0.0003567660474180032,0.0003567660475428776
1e-07,0.00035676604747848144,0.00035676615337325285,0.00035676604838626397,0.00035676598726152697,0.0003567661121939945
0.0001,0.00035676604747848144,0.0003589195739597505,0.00035713980226450404,0.00035689438891581087,0.00035778264449528284
0.01,0.00035676604747848144,0.0014758489447472248,0.0006799039148249541,0.0004804888094896858,0.0011019008543583495
0.1,0.00035676604747848144,0.012742830264454344,0.004308476579719061,0.002151711184537036,0.008894585914895602
1,0.00035676604747848144,0.12654974203077485,0.04176387193497233,0.01999864371104563,0.08792503463314934
5,0.00035676604747848144,0.6383014876363968,0.20865131602784176,0.099523825136343,0.44268411747035596
