noise,true_mape,max,mean,percentile_5,percentile_95
1e-10,4.67169911635372,4.671699116382532,4.671699116353284,4.671699116336917,4.671699116369866
1e-07,4.67169911635372,4.671699145276888,4.671699115952851,4.671699099612895,4.671699132601284
0.0001,4.67169911635372,4.671728117945221,4.671698789831977,4.671682448576319,4.671715460386336
0.01,4.67169911635372,4.674725730508021,4.671679342603837,4.670078984533887,4.673377050872821
0.1,4.67169911635372,4.724050918929486,4.676178743252842,4.666658081981241,4.696163918274468
1,4.67169911635372,10.749281735594426,5.270945366686039,4.689407923394627,7.3931623716115435
5,4.67169911635372,16.821285758256792,8.904714053408522,5.156754244569776,14.9307014048206
