noise,true_mape,max,mean,percentile_5,percentile_95
1e-13,30.00272987177372,30.00272993093505,30.002729859962034,30.002729821866897,30.002729895488283
1e-07,30.00272987177372,30.12079936069586,30.017565424680093,30.002436028711948,30.05744125787148
0.0001,30.00272987177372,32.43933453173333,32.23997096533406,31.879910089115352,32.409992787450605
0.01,30.00272987177372,33.86051748371403,33.20763132957679,32.58315224129282,33.77919368226125
0.1,30.00272987177372,36.59600589978517,33.439246827132095,32.80393254722042,34.11815377153698
1,30.00272987177372,49.74647720911464,37.831479375712505,33.29637347225412,44.51099943597833
5,30.00272987177372,61.874654394659665,45.29246095148748,34.44869251372443,55.51854815687527
