noise,true_mape,max,mean,percentile_5,percentile_95
1e-13,36.68177086312067,36.702257216890274,36.68434102065171,36.674802177922096,36.69310697327207
1e-07,36.68177086312067,60.381312422813714,45.01767178029113,39.104359569385714,58.535187381551005
0.0001,36.68177086312067,57.90275696179682,46.74791712702054,43.05944549087222,49.338762427996514
0.01,36.68177086312067,58.108697041992905,51.91082064706861,46.07500207392686,56.922886048539745
0.1,36.68177086312067,59.67697173389905,56.24732367418817,51.379497978126594,59.526395070984954
1,36.68177086312067,60.347809941339705,58.4189511403583,52.34583920254226,59.770954586083
5,36.68177086312067,63.94933197540886,59.99301483594514,57.947314187217245,62.60551921402883
