noise,true_mape,max,mean,percentile_5,percentile_95
1e-13,9.217677906935801,10.774980785313995,10.192373502004894,9.701275109090695,10.618779821625312
1e-07,9.217677906935801,45.59862220552167,27.276817573272382,17.922957130425793,42.70965231627995
0.0001,9.217677906935801,55.467375661887274,46.796025326743155,26.67377859977707,53.00218306847599
0.01,9.217677906935801,69.59949532215074,53.87289873738295,41.17611174122102,66.85984026305334
0.1,9.217677906935801,100.86156491010642,61.67221742423669,45.99125427611102,78.67342282443005
1,9.217677906935801,103.94487027174688,77.23846738202612,48.16491011290403,101.1595367086147
5,9.217677906935801,110.27633314827878,85.50642499837504,69.6405281016437,105.60067947397773
