noise,true_mape,max,mean,percentile_5,percentile_95
1e-13,18.1987428075668,18.198743173355478,18.198742221203513,18.19874167739731,18.19874271180335
1e-07,18.1987428075668,19.7612647117631,18.31145499851067,18.196207385744458,18.842088168783757
0.0001,18.1987428075668,29.694554726669836,25.43269024236975,22.826187967534562,27.90533815419276
0.01,18.1987428075668,32.154573648406405,27.290932845592785,22.86483652327938,30.5220541333914
0.1,18.1987428075668,35.05972067885607,26.947336751427997,21.97261859740338,33.43061922937507
1,18.1987428075668,46.3968184910198,29.97392869528728,22.748519520907244,39.51684687785104
5,18.1987428075668,50.12213641757934,37.37948214826718,23.48579608191597,49.03025359703333
