noise,true_mape,max,mean,percentile_5,percentile_95
1e-13,25.197372626406768,25.19737262640678,25.197372626406775,25.197372626406768,25.19737262640678
1e-07,25.197372626406768,25.197372627804143,25.19737262639862,25.19737262553975,25.19737262723528
0.0001,25.197372626406768,25.19737402378017,25.197372618255564,25.197371759385025,25.197373454910835
0.01,25.197372626406768,25.197512348084604,25.197371807546414,25.19728592095177,25.197455473307123
0.1,25.197372626406768,25.198768694701318,25.197365506195396,25.19651081545633,25.198200780086744
1,25.197372626406768,25.211217058107056,25.197329960906604,25.188830106143133,25.205660920426993
5,25.197372626406768,25.271323497725884,25.199331476927263,25.15712991787267,25.241040969451465
