noise,true_mape,max,mean,J_cost,percentile_5,percentile_95
1e-05,0.009143202885974,21.756611995351918,14.348088415342822,1.1012860039932195,8.624605394750683,17.816071122476412
0.0001,0.009143202885974,23.564458148525958,19.14481378282948,1.1012860039932195,12.76560818883555,23.325866860343325
0.001,0.009143202885974,26.325710002458436,19.964040203672074,1.1012860039932195,14.651628544262048,24.528699909715577
0.01,0.009143202885974,33.78142876798103,23.588023333824705,1.1012860039932195,16.446964045538774,33.50014529359733
0.1,0.009143202885974,48.63435571582095,26.426405831832476,1.1012860039932195,16.93503352808839,45.60126840168018
1,0.009143202885974,44.43097862892989,29.197543394750337,1.1012860039932195,23.370802440164088,40.14869174535164
