noise,true_mape,max,mean,percentile_5,percentile_95
1e-10,8.690902560583464,8.690902602248567,8.69090256101857,8.69090254016715,8.69090258208672
1e-07,8.690902560583464,8.690944271263115,8.690902958880292,8.690882165529755,8.690924005599467
0.0001,8.690902560583464,9.439263177016723,8.816405505640526,8.697527205209227,9.049108768126382
0.01,8.690902560583464,21.441029906745626,17.216492963285965,12.375425089709164,19.730749851926145
0.1,8.690902560583464,23.646139127480158,20.022754372207253,17.341842712450457,21.91432201064734
1,8.690902560583464,28.9979953324348,23.113018271520595,18.51227071611214,26.537421477601686
5,8.690902560583464,30.595460973344434,25.560484404180333,21.505463028271805,28.79491047601093
