noise,true_mape,max,mean,percentile_5,percentile_95
1e-13,6.825243308515808,6.8252433085165665,6.825243308515913,6.825243308515578,6.82524330851625
1e-07,6.825243308515808,6.825243369230445,6.825243309193241,6.825243278588915,6.825243342008095
0.0001,6.825243308515808,6.825303943462045,6.825243945178423,6.825213241377925,6.825276804211502
0.01,6.825243308515808,6.829793409056141,6.825229871973686,6.822588166280365,6.827803588140925
0.1,6.825243308515808,6.935634355792426,6.852130668069683,6.822980495310366,6.8936384950834615
1,6.825243308515808,13.078508475684261,7.0730748294229775,6.919369527190712,7.143137777197535
5,6.825243308515808,17.332514025249214,9.638094894085585,7.107178215039578,14.670300952943217
