noise,true_mape,max,mean,J_cost,percentile_5,percentile_95
1e-05,2.5708517382461946,2.570852076176362,2.5708517328245573,43304.94071759028,2.5708515456322645,2.570851966144529
0.0001,2.5708517382461946,2.5708551175498258,2.5708516840301177,43304.94071759028,2.5708498121077654,2.5708540172302516
0.001,2.5708517382461946,2.5708855314854206,2.570851196116115,43304.94071759028,2.570832476952963,2.5708745281551084
0.01,2.5708517382461946,2.5711897377428388,2.5708463219364717,43304.94071759028,2.5706591344237055,2.5710796571636116
0.1,2.5708517382461946,2.574249961888647,2.5708028074865052,43304.94071759028,2.568951263635046,2.5731398751676204
1,2.5708517382461946,2.6074284945242847,2.571165698837799,43304.94071759028,2.5529156893744482,2.5950317847361397
